enrollDate,enrollChannel,referralCode,enrollSource,enrollIncentive,enrollLocation,status,program,type,firstName,lastName,acquisitionDate,acquisitionChannel,dob,gender,address,city,state,country,email,cellPhone,zipCode,socialId,canPreview,mergePendingFlag,unMergePendingFlag,synchronousMergeFlag,lastActivityDate,structureVersion,org,tiers,badges,purses,streaks,trans,rewards,events,activities,offers,segments,memberSegments,preferences,tierHistory,pendingIds,memberPreferences
1701028793955,In-Person,7uigd69mnn,Social Media,Freebie,008407be-5b60-44d3-b411-d6410f7f57d4,Active,6db4e3d7-3e9b-4bcb-9a53-ccb17829a216,Type2,Bette,Greenholt,1683625696628,Phone,1708488175194,Male,141 Toy Loaf,Rafaelachester,Tennessee,Japan,Theresia.Bednar73@hotmail.com,1-499-298-9357,45482,et6fo6bm2b,1,1,,,1680768019881,22282,YourOrgName,[],[],[],[],{},[],[],[],[],[],[],[],[],[],[]
1681867317543,Online,g181dsly85,Website,Discount,1c37d902-b1d3-488b-94cf-700beaf53168,Active,93d366e4-6952-444f-9646-061ef28e48c8,Type2,Mohammad,Kuvalis,1694518759534,In-Person,1698452313006,Female,670 Tony Plaza,North Demetrius,Kansas,India,Emanuel_Hand57@hotmail.com,352.498.6594 x32126,81317-0560,nh9o03nw0j,1,,1,,1684482455418,99407,YourOrgName,[],[],[],[],{},[],[],[],[],[],[],[],[],[],[]
1705545331103,Online,sjblfhqgsd,Website,Freebie,2a694c8c-bfde-4bfb-ae46-9910bff19dd0,Active,817bda00-a55f-42bf-9bc5-78645b417946,Type3,Jayson,Kessler,1695264781905,In-Person,1700108837558,Male,5044 King Circle,South Kelton,Oklahoma,Kuwait,Emory.Sporer@gmail.com,755-646-2146,73843-1327,imtyt0e6mv,1,,1,1,1696424383083,78449,YourOrgName,[],[],[],[],{},[],[],[],[],[],[],[],[],[],[]
1705627216085,In-Person,6s15k1d5w6,Referral,Discount,7b4ab135-14d1-4997-8943-07f74b3e01b7,Active,0bbb6e36-ec19-45f9-bf83-2fc8694ff216,Type1,Brando,Vandervort,1683973759921,Phone,1686673398900,Female,3785 Luettgen Avenue,Port Fritz,New York,New Caledonia,Cody14@yahoo.com,1-660-369-4765 x0311,22853,3jsh05lusa,1,1,1,1,1704117526926,61305,YourOrgName,[],[],[],[],{},[],[],[],[],[],[],[],[],[],[]
1693854358688,In-Person,tycqrr591e,Social Media,Cashback,750c7a72-919d-44d1-9983-dbe96dd85a99,Active,171f6971-7202-430c-a0b6-744c571061ad,Type2,Daphne,Kuvalis,1710446889998,Online,1686887614295,Female,3961 Mathew Pass,East Mylenefort,Oklahoma,Brazil,Akeem79@gmail.com,744-536-2144,01040-9565,h94glmhd4f,1,1,,,1706675150886,11896,YourOrgName,[],[],[],[],{},[],[],[],[],[],[],[],[],[],[]
1680418329968,Phone,0esu2v4qwi,Website,Discount,5cc41263-888c-4f65-8a48-185df62503cf,Active,6edccebc-edff-4a4a-9352-5467c1bad0f3,Type3,Jarrell,Corwin,1685627223085,In-Person,1695794288118,Female,314 Jailyn Circle,Hagenesview,Iowa,Monaco,Dee_Altenwerth38@gmail.com,(571) 600-4674 x2101,62893-5425,apjfr0by0m,1,,,1,1705719763592,65842,YourOrgName,[],[],[],[],{},[],[],[],[],[],[],[],[],[],[]
1683071379386,Online,xku1pf2abb,Social Media,Discount,adafbd62-9cff-4981-bd42-e0076fccb04a,Active,3e7df814-d0fe-41b1-94ea-113191f6dce6,Type3,Elvis,Block,1691183519523,In-Person,1709796040331,Female,6610 Johns Roads,West Charlotte,Maryland,Mongolia,Ibrahim.Mayer17@hotmail.com,(827) 344-7366,95562-0048,zljxeklo61,,,1,1,1691903945464,29230,YourOrgName,[],[],[],[],{},[],[],[],[],[],[],[],[],[],[]
1701548876337,In-Person,1wnekm1uot,Social Media,Cashback,6b86a8ca-06f4-4877-afe7-3a9c5bf0e105,Active,52b43103-e9aa-4765-b08e-76def02653a2,Type3,Chesley,Smith,1697040774338,Phone,1709039911125,Male,16640 Konopelski Mission,South Christophe,Massachusetts,Samoa,Katarina_Heidenreich59@yahoo.com,767-928-3435 x620,69287,bmar3ekxt7,1,,1,1,1680281263658,79762,YourOrgName,[],[],[],[],{},[],[],[],[],[],[],[],[],[],[]
1702636364879,In-Person,zu1oecxmlo,Social Media,Discount,cb21f5a4-6825-49c1-bae7-8749ec5217fb,Active,798ef065-bb30-496d-bc3d-4e4f68d7cf79,Type2,Courtney,Larkin,1694439713495,Phone,1693854743757,Female,13122 Kamren Road,Cathedral City,Georgia,Samoa,Guy2@gmail.com,408-588-8182,07910,3zj3j18bfy,1,,,1,1683005571350,85778,YourOrgName,[],[],[],[],{},[],[],[],[],[],[],[],[],[],[]
1688562182319,In-Person,vkovg8dqo4,Social Media,Freebie,8851d50f-5c1c-41be-b5af-ecd71d6ff6fc,Active,4209e3cb-1e0a-4aac-954f-39ef66098ee0,Type1,Jacynthe,Hilpert,1708964302983,In-Person,1681543147625,Female,72783 Isaiah Squares,East Rhiannon,Iowa,Haiti,Nina1@hotmail.com,(335) 255-7954,64832,lqrvsfn5ki,1,1,,1,1684120094701,14792,YourOrgName,[],[],[],[],{},[],[],[],[],[],[],[],[],[],[]
1692756357021,Online,y692kzjxgq,Referral,Freebie,e0df54c7-da86-4fe2-bf94-da3d745df6ed,Active,a60f2a84-0a7d-4217-bab7-96e8356724aa,Type1,Ignatius,Friesen,1696467242346,Online,1704204820050,Male,145 Vernon Locks,Bristol,Iowa,Indonesia,Leland_Kuvalis27@yahoo.com,1-541-607-7278,41672,2ccut9rywu,1,1,,,1691991997921,57942,YourOrgName,[],[],[],[],{},[],[],[],[],[],[],[],[],[],[]
1702523000237,Online,xuobks5g7i,Website,Discount,6194875a-ba43-444d-aaee-e8e34ec83569,Active,38583f8d-8251-4414-9672-c392d6a80d8e,Type1,Wilhelmine,Harvey,1699967071174,Online,1684840067203,Male,799 Padberg Forges,East Lorenzaborough,Mississippi,Guinea,Dayton.Sawayn70@gmail.com,(780) 225-8806 x738,48445-6770,0jg0pmp29d,1,1,1,,1708610387163,75565,YourOrgName,[],[],[],[],{},[],[],[],[],[],[],[],[],[],[]
1709765892095,In-Person,gbc6126ldp,Social Media,Cashback,f3eb543c-6303-4bd0-8b21-4a91dd15ec09,Active,d51a0e42-8789-4765-8fa7-e3d09429c343,Type2,Johnpaul,Dickinson,1707479136242,Online,1687555802271,Male,86014 Earlene Pass,Grahamstad,Connecticut,Croatia,Fern.OKeefe@yahoo.com,1-789-547-4918 x556,88026-6300,nmkzmtwzfn,,1,,,1701784013434,63552,YourOrgName,[],[],[],[],{},[],[],[],[],[],[],[],[],[],[]
1707434512751,In-Person,54ryayve2w,Referral,Cashback,2c990869-411b-4404-8a0f-db382df1c597,Active,4e6c468d-7525-4b0c-bafc-6cc52733eabc,Type2,Rigoberto,Gaylord,1702715825111,In-Person,1709972603722,Male,45189 Darrick Fields,West Kamilleburgh,Ohio,French Polynesia,Chanelle.Leffler@yahoo.com,540.458.8332,75097-7167,yn2a1wmh25,1,,,1,1696401387455,27397,YourOrgName,[],[],[],[],{},[],[],[],[],[],[],[],[],[],[]
1691936842731,Phone,rkfvd2ed6f,Social Media,Freebie,331da91e-cfde-49d9-954e-3f77f856ccce,Active,305f6ca7-1759-48a9-9bdd-ff84c7489a84,Type3,Trent,Borer,1684382241194,In-Person,1696683588394,Female,6739 Glover Island,West Alexandroview,Texas,Uzbekistan,Emily.Skiles@gmail.com,1-849-815-4000 x65210,47023,azhdbkutwa,1,,1,1,1710269051097,67327,YourOrgName,[],[],[],[],{},[],[],[],[],[],[],[],[],[],[]
1690728150570,Online,rgbchl847u,Website,Freebie,d55c6c62-9553-429e-a4b9-13421422a774,Active,d85b890f-29ce-4878-813c-5a8cd22151e7,Type1,Oscar,Prosacco,1683987259581,Online,1696769880270,Female,112 August Grove,Albany,Kentucky,French Guiana,Aurore_Becker@yahoo.com,(489) 568-2898 x2507,58623,9es5kk5jn0,1,1,1,,1688378542136,42289,YourOrgName,[],[],[],[],{},[],[],[],[],[],[],[],[],[],[]
1708839497571,Phone,yajdbntvvz,Referral,Discount,aa5364c3-c3b0-44a8-8513-8f76127c919a,Active,8ff85f33-8a6f-417d-a30a-ea23f6217fa0,Type3,Miles,Simonis,1690359692433,Phone,1705318484593,Female,9395 Janis Curve,North Tamara,Arkansas,British Indian Ocean Territory (Chagos Archipelago),Kari_Trantow69@gmail.com,917.241.6597 x69506,14646-5272,446h1cbmrk,1,1,1,,1689539880062,48908,YourOrgName,[],[],[],[],{},[],[],[],[],[],[],[],[],[],[]
1689856623344,In-Person,h0arqu3usv,Social Media,Cashback,5bfad4ad-630e-4995-8b49-ecc23263986e,Active,b83f5225-17ad-433e-83fa-1ea9f921ad1e,Type1,Tate,Dicki,1702700080596,Online,1697324740810,Male,9156 Lincoln Lodge,Cicero,Montana,Myanmar,Kaelyn_Murazik@yahoo.com,(441) 295-9045,15240,cc1cxu2qov,,,,1,1705705729316,55692,YourOrgName,[],[],[],[],{},[],[],[],[],[],[],[],[],[],[]
1687327311645,Online,ca2q0cewzb,Referral,Freebie,a0163dbb-d5f0-4606-abac-04744b5b492e,Active,51713fab-4934-4a40-a1d5-4cb5d77c7598,Type1,Freda,Torphy,1694069186765,In-Person,1700022374680,Female,4999 Stoltenberg Circles,East Honolulu,Rhode Island,Belgium,Barton.Abbott@hotmail.com,803-336-4984 x182,31870-8897,2maynpcakt,1,,1,1,1684006609407,73547,YourOrgName,[],[],[],[],{},[],[],[],[],[],[],[],[],[],[]
1686234422700,Online,wdjvq53kog,Social Media,Cashback,280155fa-b44f-42f5-a9b0-a578d9555887,Active,d58f4e28-885d-4f29-bdd0-766e45f5e08f,Type2,Xander,Parisian,1702244117677,In-Person,1688865345755,Male,67931 Benjamin Pike,Strosinland,Hawaii,Jordan,Anabel.Ledner5@yahoo.com,1-526-485-9065 x2102,21720,4co5m6ifmt,,1,1,,1687575028674,33378,YourOrgName,[],[],[],[],{},[],[],[],[],[],[],[],[],[],[]
1708118393904,In-Person,xzep1s822w,Website,Discount,6093f0a1-cbcd-415c-bf33-24877b47850d,Active,531b2e6d-b33b-4dd7-8e2f-966497fdf6b8,Type2,Elena,Lynch,1690337306635,Online,1683457560922,Female,625 Conn Course,Lake Lewland,Wyoming,Djibouti,Rex_Effertz38@yahoo.com,383-235-4112,45221-5523,vknwddjxev,1,1,1,1,1688903801915,38768,YourOrgName,[],[],[],[],{},[],[],[],[],[],[],[],[],[],[]
1693499145083,Phone,tlehljq323,Referral,Freebie,87749bb8-5a26-402f-ba2a-7369e70ca819,Active,04364334-eb13-4cdc-83ed-6207d8ec8f1e,Type2,Pierre,Johnston,1709536332568,In-Person,1695179656873,Female,14879 Feeney Tunnel,Konopelskiberg,New York,Grenada,Lucienne_Hansen@gmail.com,476-201-8480 x587,56188,2nxat6wvj3,,,,1,1693174695368,32894,YourOrgName,[],[],[],[],{},[],[],[],[],[],[],[],[],[],[]
1701478717699,Online,bgk70ygp09,Website,Freebie,de612142-7e2d-401c-8527-76bf6afa32fe,Active,c1517903-152a-4b6d-8ec8-69d5d4f1cbf2,Type2,Kane,Stracke,1698668575533,In-Person,1687245663349,Female,83561 Wehner Hollow,Santa Clara,Vermont,American Samoa,Kaylah22@hotmail.com,945-402-4109 x537,01571,x27c2mbisi,1,,1,1,1687670569962,16156,YourOrgName,[],[],[],[],{},[],[],[],[],[],[],[],[],[],[]
1690917023691,Phone,jfutu07ia1,Social Media,Discount,5ffd16c5-6661-41a7-939b-ec667bb233a0,Active,72f9b83f-a888-4d66-9a96-58aee2b7e276,Type3,Tyshawn,Mueller,1700294789878,In-Person,1698397792923,Female,878 Langosh Wells,Pearl City,South Carolina,Myanmar,Clyde61@gmail.com,(919) 502-3395,23684,4sf3ejp5uq,1,1,1,,1698255466873,34035,YourOrgName,[],[],[],[],{},[],[],[],[],[],[],[],[],[],[]
1686750699829,In-Person,5h843kuhx8,Website,Discount,aa9d500c-faef-4155-b575-df583bab8a32,Active,cb078f4c-c2de-4343-a9fc-b418482ecd85,Type3,Diego,Koepp,1692375772414,Phone,1685230568033,Male,4244 Trever Mountains,Reading,Utah,Saint Vincent and the Grenadines,Justina44@hotmail.com,364.704.3413 x72907,82421,ovugcr1p88,,1,,1,1710345682096,43464,YourOrgName,[],[],[],[],{},[],[],[],[],[],[],[],[],[],[]
1692448060141,Online,45v8cx4eb6,Referral,Cashback,d82688d3-77a4-41f5-b0db-4c07ae800c80,Active,1ce2b4d8-456c-4d7b-bcc5-1f0394737722,Type2,Izaiah,Yundt,1704847749070,In-Person,1692228911137,Male,235 Williamson Cove,McDermottchester,Kentucky,Western Sahara,Emanuel_Treutel@gmail.com,1-961-357-9224 x03962,41972-3393,anhp3ntcr9,,,,1,1696783350079,81624,YourOrgName,[],[],[],[],{},[],[],[],[],[],[],[],[],[],[]
1699092301526,In-Person,6yejjnyvn0,Social Media,Cashback,90c90eb1-9d4b-4076-aa22-773954c970c1,Active,a8588cde-0c1f-4755-b9dd-b90059ef610a,Type1,Keira,Bogan,1693418806079,Phone,1693927738722,Female,6664 Greenfelder Park,West Melanyview,Montana,Saint Martin,Bell94@yahoo.com,1-840-395-5329,52181-0825,vpb0r5n22y,1,,1,1,1682305086567,19221,YourOrgName,[],[],[],[],{},[],[],[],[],[],[],[],[],[],[]
1706244444021,In-Person,5ob4cjxiku,Social Media,Discount,698f1a92-af3b-41d9-a44a-eb4f850a4956,Active,13a26746-d7f4-441e-a35b-79a3cfd24a2f,Type3,Aubree,Ratke,1687750610844,In-Person,1685049636359,Female,31358 Hoeger Pike,Gloverstad,New Jersey,Uruguay,Jody43@yahoo.com,1-492-224-8939 x26749,36084,q89oa9c2x2,1,,1,1,1703878965948,88024,YourOrgName,[],[],[],[],{},[],[],[],[],[],[],[],[],[],[]
1710516038076,In-Person,bcz42ba3ka,Website,Cashback,6c9fc673-0727-4617-a666-2e44c04a71c2,Active,d6a90f87-5232-44a2-9ed6-9789b7c763d4,Type1,Katlyn,Stark,1701984764433,Phone,1700841700537,Female,9213 Jazmin Flat,Gleasonport,Alaska,Swaziland,Ken53@gmail.com,1-333-973-7520 x11237,25460-8572,vxpolv6zua,,,1,,1701872181698,77349,YourOrgName,[],[],[],[],{},[],[],[],[],[],[],[],[],[],[]
1692742746265,In-Person,ikxy0chz49,Social Media,Cashback,687ce280-030b-4516-8a1c-c6d4e0812949,Active,da1092fc-6181-45a7-a0c1-d989f4df036d,Type3,Kirstin,Zieme,1699299145932,Phone,1704696938294,Male,38740 O'Kon Stravenue,Hattiesburg,Alabama,Mauritania,Briana.Mohr@yahoo.com,566-788-0044 x1257,29543-9099,1jqr53covs,,1,1,,1707727592470,64828,YourOrgName,[],[],[],[],{},[],[],[],[],[],[],[],[],[],[]
1707883115052,Online,4hwfbmndph,Website,Discount,cf5ffa3e-4568-4a61-91ed-d6cbc0b6964e,Active,153c9534-83b8-4f66-8ee5-02e45787db86,Type1,Aliyah,Doyle,1688929329484,Online,1704970760102,Male,1310 Tomas Squares,Hagenesside,Georgia,Malaysia,Joan_Gleichner@yahoo.com,(390) 270-0299 x754,64128,397gidz61o,,,1,,1697246723259,72152,YourOrgName,[],[],[],[],{},[],[],[],[],[],[],[],[],[],[]
1689552743367,Phone,xn839urk6c,Social Media,Discount,de2ef16b-d529-4513-a830-09d927ae80ce,Active,3fd58b22-c99c-4422-a34f-f154d4fd295a,Type3,Dortha,Hagenes,1703270832857,Online,1697301887859,Male,677 Rowena Route,West Sonyaville,Delaware,Kenya,Cynthia3@gmail.com,203-515-2669,49785,591y6onxe5,,1,,,1704446408685,62185,YourOrgName,[],[],[],[],{},[],[],[],[],[],[],[],[],[],[]
1690010505168,Phone,gxzsheu2c9,Website,Discount,68204ce1-d76f-4af1-8703-3746da6cbf5b,Active,143dc2f3-44c0-4a52-bd90-cc8d870ddb1b,Type3,Violet,Hagenes,1702638070128,Online,1686814801757,Male,726 Tania Union,Ziemebury,Vermont,Peru,Dorian73@hotmail.com,1-740-212-7348,10618-9026,vqrk73g5n6,,1,,,1703326033390,7071,YourOrgName,[],[],[],[],{},[],[],[],[],[],[],[],[],[],[]
1692888217924,Phone,1ncrw4cfkp,Referral,Cashback,bb200365-027a-4c3b-9653-8c22dfb87556,Active,01ad6218-974d-43d6-a913-3d7fe32477ba,Type1,Lori,Quigley,1687302553729,In-Person,1695303488114,Male,86905 Bergstrom Green,South Vellaburgh,Connecticut,Swaziland,Haylie85@yahoo.com,1-671-390-5495 x2019,08369-5629,4t8twvt7bi,1,,,,1680393002225,95759,YourOrgName,[],[],[],[],{},[],[],[],[],[],[],[],[],[],[]
1693169189264,Online,q2zkicdm8j,Website,Cashback,bbcb9787-7d1b-4580-a705-dd9ea667c4ad,Active,0e4dce20-5de2-463a-a34f-0ef04e1c19ab,Type1,Mavis,Schaefer,1702121936262,In-Person,1693221057809,Female,19468 Gulgowski Mills,Normal,Oklahoma,French Polynesia,Myrtice13@yahoo.com,1-425-714-5015 x441,06597,wy40mewaen,,,,1,1710599768469,14885,YourOrgName,[],[],[],[],{},[],[],[],[],[],[],[],[],[],[]
1709316560896,Online,w2qd2ff61d,Website,Freebie,7b74de8d-a533-4fbb-8026-42345eb0a02e,Active,23594ab4-aa9b-41ea-a4df-57e1507095cf,Type2,Duane,Prosacco,1710006466453,Online,1680220544654,Male,0616 Torp Fields,Sophieside,Connecticut,Western Sahara,Adella.Abernathy10@gmail.com,510-588-4923,24633-1583,5ql1jz3wd7,,1,,,1684216403851,39889,YourOrgName,[],[],[],[],{},[],[],[],[],[],[],[],[],[],[]
1703531547067,Phone,jb93wtyx7v,Social Media,Discount,b5a26d2a-f102-4905-8445-ae479d44ec33,Active,1f05bc2d-966b-4eda-b636-27198bd88ab1,Type2,Emily,Stamm,1691679708321,Phone,1686766075795,Male,2558 Hansen Square,North Tiara,Iowa,Cayman Islands,Jamel.OKon92@yahoo.com,470-664-4199,12844,jo6tq7opfh,1,1,,,1680139569124,37554,YourOrgName,[],[],[],[],{},[],[],[],[],[],[],[],[],[],[]
1687491067222,Phone,sym40vd0aq,Website,Freebie,d4543308-c5c4-4f2e-9d7a-d8e0aa74974b,Active,d9541383-f938-46f0-8419-4804c28f6c46,Type3,Olen,Gusikowski,1700024966952,Online,1696497472627,Male,19858 Strosin Ways,New June,Kansas,Palestinian Territory,Caroline.Toy64@yahoo.com,292.234.7538,72398-6598,c8e40oqn6b,,,1,,1706700632520,60069,YourOrgName,[],[],[],[],{},[],[],[],[],[],[],[],[],[],[]
1707819629339,Online,lv0kd7813a,Referral,Freebie,a8d33426-4db9-43b8-bd6c-8a81f8f26a33,Active,659804ee-f231-4ce6-ba85-d00ed684211c,Type2,Kariane,Hansen,1696768812030,In-Person,1697904173338,Female,83244 Freida Canyon,West Jeremieton,Ohio,Tuvalu,Rahsaan.Nitzsche59@hotmail.com,1-568-698-1464 x43577,39126,37mzjnrxst,1,1,,,1683277947708,26193,YourOrgName,[],[],[],[],{},[],[],[],[],[],[],[],[],[],[]
1697396853090,Phone,8rkck85hlw,Referral,Discount,61b02bb6-95d3-4d72-835c-a75eb1caac99,Active,062b777b-ce28-4fd5-a038-7c7149e711f1,Type1,Kallie,Doyle,1702698276932,In-Person,1690571846102,Female,38236 Herzog Village,South Enidton,Pennsylvania,Uruguay,Chadd.Wunsch5@hotmail.com,(721) 560-4281 x87813,03331,8ta2j5bg9j,1,1,,,1704432462277,52576,YourOrgName,[],[],[],[],{},[],[],[],[],[],[],[],[],[],[]
1681133050229,Phone,j7g82i3xvf,Referral,Discount,5a23d732-d106-4ccf-a036-3467c8e36794,Active,242f9b65-0636-4672-a533-d41e15b6a1ab,Type3,Berta,Douglas,1702774831244,In-Person,1691212775057,Female,188 Bette Fort,West Berylchester,Iowa,Austria,Milo_Hessel@gmail.com,(634) 874-6488,40462,wnalt1pcn5,1,,1,,1688221993916,72128,YourOrgName,[],[],[],[],{},[],[],[],[],[],[],[],[],[],[]
1683828619543,Phone,8orte7hvr7,Social Media,Discount,cae69bb7-22e8-453f-b23b-89ca25594dfd,Active,1e97f629-452d-4f3c-975a-535e3d47ae8c,Type2,Alexie,Torp,1695113141752,Phone,1711313997068,Male,3581 Kozey Bypass,Lake Rollin,Rhode Island,British Indian Ocean Territory (Chagos Archipelago),Unique.Kshlerin@gmail.com,(374) 506-5800,17282-6338,wddh53fkkc,1,,1,,1699857455770,64193,YourOrgName,[],[],[],[],{},[],[],[],[],[],[],[],[],[],[]
1707028053806,Online,6misrtppxh,Social Media,Freebie,671170b9-5371-4272-911d-92aa3ee2e4e2,Active,28d97428-6c6e-4d83-bdee-e72a5246bac2,Type2,Kathryne,Zieme,1706572391268,Phone,1700840877666,Male,56344 Herminia Prairie,Farrellland,Oklahoma,San Marino,Brenden.Schowalter51@yahoo.com,1-404-847-2148,03448-4999,dneb6hcszy,1,,,,1699169849135,97546,YourOrgName,[],[],[],[],{},[],[],[],[],[],[],[],[],[],[]
1698558406857,In-Person,mspil9utb4,Referral,Cashback,96c0d973-c92e-49da-9dee-e012abc2b35a,Active,f6012475-38b5-4631-8e67-50775756a25f,Type3,Wendy,Deckow,1697897469330,In-Person,1697119319142,Female,31516 Pfannerstill Roads,Harrisonburg,Mississippi,Netherlands,Rusty79@yahoo.com,511-220-4389,32776,9i4g9qxoz1,1,1,1,,1695688814600,60124,YourOrgName,[],[],[],[],{},[],[],[],[],[],[],[],[],[],[]
1700068242370,Phone,tmclrqyc7p,Social Media,Cashback,3a243f3c-6315-4bf4-b668-7aadb976825b,Active,aab4d62e-9fb2-411d-ac2c-da1b38beca30,Type3,Margaretta,Collins,1707642659004,Online,1701011014216,Female,33563 Daugherty Trail,East Bertha,Oklahoma,Martinique,Gideon.Schiller@gmail.com,746-938-5331,31919,fxf4zq9xyq,,1,,1,1680817569449,66478,YourOrgName,[],[],[],[],{},[],[],[],[],[],[],[],[],[],[]
1708596184009,Online,z7x0r7yoay,Website,Freebie,020bd0ac-a9dc-473e-8f48-848ea1d69a04,Active,fa837fd3-b718-4f76-8503-6b1768c62bd3,Type2,Maximillia,Sanford,1701169367820,Phone,1707229098124,Female,474 Cole Spur,Filomenachester,Texas,Maldives,Green15@hotmail.com,908-240-0802,45565-5704,nxvod9ez7s,,1,1,1,1685369882018,20466,YourOrgName,[],[],[],[],{},[],[],[],[],[],[],[],[],[],[]
1698319230720,Online,gb6ti3xad7,Website,Cashback,8bc2c3c5-b29e-4637-817f-ecf3c10890e7,Active,595b636b-170b-460b-ad08-ac84dc1af71b,Type1,Mohammad,Effertz,1686444596164,In-Person,1703570135306,Male,56364 DuBuque Lodge,Starkshire,California,Guam,Murray15@yahoo.com,1-300-280-2570 x1143,30191-7652,yn7em0evkq,1,,,,1696616624157,68046,YourOrgName,[],[],[],[],{},[],[],[],[],[],[],[],[],[],[]
1711094069631,Online,z5cetijalg,Social Media,Discount,7e523f26-d1de-4aae-89a4-f9ad81ad11d8,Active,8fb5d8be-8724-4a1b-b454-5e4bbd3294e8,Type2,Name,Miller,1709257524534,Online,1690618157722,Male,0468 Reilly Expressway,Breanaton,Nevada,Tanzania,Dario.Schiller@yahoo.com,1-252-645-9330,79522-9984,126lmf8dje,1,,1,,1698389135976,46094,YourOrgName,[],[],[],[],{},[],[],[],[],[],[],[],[],[],[]
1689957041705,In-Person,qyi81h02tt,Website,Discount,3f08f1fb-fb9d-4f20-bf04-907e3915cf25,Active,733fbce4-6c86-45ca-bc69-c1376f6db12f,Type1,Dasia,Koss,1701116650772,In-Person,1710830895487,Male,62504 Erik Circles,North Charlie,Idaho,Mayotte,Randall72@gmail.com,(277) 287-4974,52242-5577,t90yxa4y5i,,,,,1707527721199,82796,YourOrgName,[],[],[],[],{},[],[],[],[],[],[],[],[],[],[]
1701884881950,Phone,7nzjpvmpux,Social Media,Cashback,c9141f6e-e6e1-4fc5-ae9f-4e8cf9b16f52,Active,00f20500-9ba8-4e0f-99ed-d37d5488b2ff,Type2,Earlene,Rath,1708052236385,Online,1699291145363,Female,1929 Yost Burgs,West Claudborough,Iowa,Anguilla,Baby_Stroman99@gmail.com,1-359-709-1143,12607-8683,07svecnlkd,1,1,,1,1706272866777,47866,YourOrgName,[],[],[],[],{},[],[],[],[],[],[],[],[],[],[]
1687711672442,Phone,gj50fyv5ij,Social Media,Cashback,0d0adb3e-a43f-4c33-a0d1-5202c28b3e51,Active,d1a3ecb2-fdfc-4da7-b5ce-f82cf921ac8d,Type1,Vella,Rath,1707800511123,Phone,1703667718932,Male,961 Keyshawn Lights,Luettgenberg,Maine,Azerbaijan,Jaleel88@gmail.com,811-423-5378 x44906,78894,oxhxw03ski,,1,,,1683952615642,28899,YourOrgName,[],[],[],[],{},[],[],[],[],[],[],[],[],[],[]
1697894476533,Online,jcger3sd9h,Website,Freebie,9e77709c-4528-41f5-9ed9-f57cc2bfa40d,Active,40fa3a09-caaa-4b06-af39-315ff7c7814a,Type3,Libby,Huels,1702584378717,Online,1694409649719,Male,4179 Dina Groves,Giovannifurt,New Hampshire,Wallis and Futuna,Hollie_Ruecker12@hotmail.com,(896) 562-8934 x627,51077,jmw5mq3s1z,,1,,1,1707699385264,64016,YourOrgName,[],[],[],[],{},[],[],[],[],[],[],[],[],[],[]
1711077002772,In-Person,oyw3lgmgl0,Social Media,Cashback,e8c5a1e8-547b-4984-ba4e-a892c1e22ccf,Active,87cf50ae-8a90-4afa-b50f-3d9a5aafbec6,Type2,Patrick,Hayes,1684516098762,Online,1682786191720,Male,3993 Cortney Meadow,Blockview,California,Zimbabwe,Annabell_Roberts@hotmail.com,1-420-539-6768 x827,69201,13ia62ocvj,,1,,,1684463429160,13865,YourOrgName,[],[],[],[],{},[],[],[],[],[],[],[],[],[],[]
1686724442594,Phone,07990ekeht,Referral,Cashback,3c5cbbda-4eb4-48e1-958d-6de649fc5337,Active,bd3d29b0-b431-4962-ae44-52a9c5e09ecd,Type2,Christophe,Howell,1691220054450,In-Person,1694314939310,Female,975 Lang Fort,Angelville,Nebraska,Argentina,Monica.Auer88@hotmail.com,(494) 360-8563 x99194,34076,am5czl6o0e,,1,1,1,1703216445800,88874,YourOrgName,[],[],[],[],{},[],[],[],[],[],[],[],[],[],[]
1702617953169,In-Person,5r3gabx344,Social Media,Freebie,d14f20d1-52a0-4430-bb48-6fd8f8657396,Active,2644169a-208a-4638-9ca4-e503f638e612,Type1,Lauretta,Kreiger,1701009379520,Phone,1698866828506,Male,1305 Damian Cove,Rochester,Ohio,Czech Republic,Newton_Wuckert@yahoo.com,1-654-278-7230 x298,59857-1650,vhb8zz16ps,,1,,1,1690437375835,97850,YourOrgName,[],[],[],[],{},[],[],[],[],[],[],[],[],[],[]
1690916648853,Online,ygqnc4zfqt,Website,Freebie,77e2369b-5bc3-4596-914c-672160e672ee,Active,1147b68a-f9f8-4ecc-a35f-74096fb7f454,Type2,Pamela,Schimmel,1691919311893,In-Person,1686158562303,Female,513 Sipes Islands,Mitchellmouth,Washington,Bolivia,Curt_Ruecker54@hotmail.com,363.378.4744 x282,75618-4130,q0tsznk1gy,1,1,,,1686402923763,14558,YourOrgName,[],[],[],[],{},[],[],[],[],[],[],[],[],[],[]
1686437060049,In-Person,905ni7flqw,Social Media,Discount,8139d444-4afa-4b80-9c9b-a913014538b2,Active,379a73c9-b832-4fe6-b023-4dfb2d0da2d1,Type1,Addison,Schulist,1682408950184,In-Person,1704421266928,Male,55702 Adela Row,South Ceciliamouth,Rhode Island,Uganda,Liam_Conroy84@hotmail.com,645.527.9218,95981,sxc0uffsv0,,1,1,1,1701406073249,49512,YourOrgName,[],[],[],[],{},[],[],[],[],[],[],[],[],[],[]
1711455929044,Phone,p1u5v48lz6,Website,Discount,12456ac6-5db0-467b-8239-56dc5316fa0d,Active,52d463d3-ab0c-48c8-b00e-be1e385b4a4a,Type2,Garrett,Wyman,1687003251562,Online,1688514806714,Female,63220 Kautzer Brook,Riverton,Hawaii,Namibia,Baron93@yahoo.com,589-547-6467 x4726,57655-2724,ekdwy4dcg4,1,,1,,1708780303152,86119,YourOrgName,[],[],[],[],{},[],[],[],[],[],[],[],[],[],[]
1706769429455,Online,x5qqjps5xt,Referral,Cashback,7d13bf56-3e82-4b2f-8b28-106283a94e3e,Active,eb2344b8-a861-4cb3-a62e-f565884720e8,Type3,Christy,Raynor,1694818879638,In-Person,1700446754695,Female,11545 Angelina Greens,Johnsonborough,Pennsylvania,Egypt,Krystal72@gmail.com,850-812-1018 x279,98902-1155,0icoiuo1dl,,1,,,1703084964327,22428,YourOrgName,[],[],[],[],{},[],[],[],[],[],[],[],[],[],[]
1692675237155,In-Person,5rw97j8fyb,Social Media,Cashback,2aaa651e-dc32-4801-8519-f50b292413ac,Active,7488e8f2-9035-429c-8077-3a0ce5f0cea9,Type2,Jerod,Lynch,1693888568940,Phone,1685021502857,Male,113 Glover Freeway,South Linastad,Washington,Falkland Islands (Malvinas),Destiny.Beier@gmail.com,358-983-7144,05009-6296,rwec7l4p1u,1,1,,,1707144806103,9965,YourOrgName,[],[],[],[],{},[],[],[],[],[],[],[],[],[],[]
1710159048137,Phone,6bshmqdgnr,Social Media,Discount,56bdb179-115d-422f-a370-7cad9cfe8fcb,Active,b0f0981a-701e-4fb4-9518-f1c78e2da9c0,Type2,Ola,Lynch,1682332316375,In-Person,1706561760010,Male,06228 Erdman Tunnel,Hegmannview,Alabama,Bahrain,Aurelia_Bins17@gmail.com,589-453-8246,87315,6x9z51dek8,,,,,1706265137282,10224,YourOrgName,[],[],[],[],{},[],[],[],[],[],[],[],[],[],[]
1688366650910,Online,vi17o5cy67,Social Media,Discount,2117073b-55ef-4fc4-8839-5320b44e9910,Active,a4922241-db8d-4d19-97d6-be4d373c356d,Type2,Brennan,Wintheiser,1692140684797,Phone,1704836468032,Male,499 Zboncak Turnpike,Lake Lola,Georgia,Venezuela,Willis_Cartwright41@gmail.com,400-525-3800 x7589,29087,fw6l2sjfuk,1,,,1,1705649172429,28345,YourOrgName,[],[],[],[],{},[],[],[],[],[],[],[],[],[],[]
1693141887984,Online,3iueqp85cf,Social Media,Cashback,6141178c-6da7-4a57-b700-7002d9f84271,Active,e07a389c-8b74-4f34-b95f-be1d60e8c2aa,Type3,Simone,Schuster,1689948656581,Phone,1682516236362,Male,9020 Corwin Circle,Armstrongborough,Florida,Afghanistan,Noah_Tremblay@yahoo.com,981.390.5081,22077,42l96gy7gt,,1,1,1,1706439130636,95906,YourOrgName,[],[],[],[],{},[],[],[],[],[],[],[],[],[],[]
1692109505552,In-Person,s383kw3aej,Social Media,Freebie,7703d5a7-9db2-4129-8812-7f6df774d6dc,Active,8fc13105-7ba6-4fc5-9d07-6984492972a4,Type1,Wayne,Lockman,1690013267911,Online,1710777614661,Male,5683 Feeney Landing,South Elianport,Minnesota,Taiwan,Monty_Kshlerin@hotmail.com,1-764-550-3379,40975,tkvw38o24b,,1,1,,1686000143295,77622,YourOrgName,[],[],[],[],{},[],[],[],[],[],[],[],[],[],[]
1707969824460,Phone,w72vewp6l0,Website,Freebie,4d670c8e-28d5-4edc-9e24-e44617bc128a,Active,6f8ab7c9-86dc-401d-8995-2ee886675cd1,Type3,Laurie,Mraz,1680551155429,In-Person,1680281095693,Male,6730 Doris Street,Nikkiton,Louisiana,Malta,Marcus.Pouros69@yahoo.com,759.759.6364 x049,72341,09qx965c0o,,1,,1,1705231523851,94871,YourOrgName,[],[],[],[],{},[],[],[],[],[],[],[],[],[],[]
1695585264381,Online,fg4vbxglnf,Website,Freebie,cf0ac995-6568-4075-83e0-9a66b3cd19a9,Active,b76dcd9a-4a0e-45b1-ba5e-6af14341a43d,Type2,Trisha,Murray,1688277844959,Phone,1698184405172,Male,7931 Vergie Trace,Augusta-Richmond County,Idaho,Canada,Olin_McCullough44@gmail.com,931-968-4683 x67972,80881-5570,rnrr2u8xgj,,,,1,1694799910597,17977,YourOrgName,[],[],[],[],{},[],[],[],[],[],[],[],[],[],[]
1689249937892,In-Person,gje1yr1w7m,Website,Freebie,000fa767-c93a-4be5-9871-8abad05fae87,Active,e05a8901-cd6d-488a-b28d-5a1da5fad7a4,Type3,Alexanne,Hills,1693812661450,In-Person,1684988766680,Female,8290 Alva Coves,Quitzonton,South Dakota,Republic of Korea,Elinore75@hotmail.com,505-384-3343,91728,x93kac714q,1,1,1,,1700974071493,3548,YourOrgName,[],[],[],[],{},[],[],[],[],[],[],[],[],[],[]
1689203320091,Phone,yv8evf1ed9,Referral,Cashback,7c147bcd-4366-4b26-b5ff-b468d1a6cab3,Active,1556d68d-3b0d-446c-9295-41fe1b061dd9,Type3,Favian,Olson,1699720743042,Phone,1686585404930,Male,0264 Mayer Bypass,North Miami Beach,Indiana,Netherlands Antilles,Antonina31@hotmail.com,554-360-0144,26263,eemausv97p,,1,1,1,1709384326379,46936,YourOrgName,[],[],[],[],{},[],[],[],[],[],[],[],[],[],[]
1704399797854,In-Person,o0puw61c69,Social Media,Discount,66972ffc-4087-406d-8307-8cdfafb1ba81,Active,37ba00f7-4154-4596-a38a-c57ea4dfc606,Type3,Providenci,Hodkiewicz,1693160907732,In-Person,1705451195867,Male,6021 Ruecker Neck,Janaside,South Dakota,Belize,Clifford.White@yahoo.com,(583) 865-8878,58597-0527,8p9ukffix9,,1,1,,1685396388681,64380,YourOrgName,[],[],[],[],{},[],[],[],[],[],[],[],[],[],[]
1696599057314,Phone,66fs0fieq4,Website,Freebie,a6153b07-a5d9-45da-8d93-a94af5c0f1ca,Active,bfa8ee51-e390-4366-84c4-4788494b59a2,Type3,Jeanie,Koepp,1710981406100,Online,1710086254071,Female,207 Feest Roads,Dallas,Illinois,Norway,Kathryne.Swift@gmail.com,652.401.9029 x5600,14924,s5i2ptsg2s,1,1,,,1703262855975,35800,YourOrgName,[],[],[],[],{},[],[],[],[],[],[],[],[],[],[]
1699649257541,Phone,pnq72f0qjk,Social Media,Cashback,a915b6fa-69ca-4093-b750-44f16b63a494,Active,790587dd-cd6f-4919-9a79-2f30aa99bfb5,Type2,Jedediah,Schowalter,1683407123204,In-Person,1705786799106,Female,434 Aurelia Heights,East Clairmouth,Connecticut,Nauru,Eusebio77@gmail.com,787.332.6863 x56964,59056-2234,jtkgtr0mu8,1,,,1,1701905353429,22280,YourOrgName,[],[],[],[],{},[],[],[],[],[],[],[],[],[],[]
1695287591143,Online,94ga05os3p,Referral,Discount,fff81563-d003-4e9b-8e54-e22ff865f283,Active,cb97795d-857c-456d-b3f5-e081f455d214,Type2,Marcus,Ortiz,1695090603678,In-Person,1685710350747,Female,519 Hegmann Camp,Dillanville,Minnesota,Fiji,Dorris.Cronin97@gmail.com,1-884-941-7128,83353-9916,qvesawhyvt,,,1,1,1691766588591,96265,YourOrgName,[],[],[],[],{},[],[],[],[],[],[],[],[],[],[]
1704714198571,In-Person,40k6hj4esf,Referral,Cashback,5dae5573-edf5-4c91-9409-75f3c64a9ab1,Active,dee84ee1-0926-42c3-a226-c7cf0e267c95,Type3,Chaya,Haley,1689249822345,In-Person,1703446142410,Female,4976 Demarcus Trafficway,South Deion,Alaska,Azerbaijan,Nathan.Konopelski76@hotmail.com,1-261-694-3575 x169,77570-2808,myrov5lz07,,1,,,1697358802456,67447,YourOrgName,[],[],[],[],{},[],[],[],[],[],[],[],[],[],[]
1690920606723,Online,0q1ehch1ij,Social Media,Discount,8f7408be-8f1f-4ed2-a19e-6d19bad6437f,Active,a6e48f05-c890-4b1b-887f-e4008f759256,Type1,Dereck,Jacobson,1700585640623,In-Person,1696157422591,Male,849 Purdy Green,Gainesville,Virginia,Kiribati,Nels.Mayert44@hotmail.com,(985) 752-6115,43704,bbcr5d7lws,,1,,1,1696234262124,95062,YourOrgName,[],[],[],[],{},[],[],[],[],[],[],[],[],[],[]
1686863269107,Online,7jwpr5hc9z,Referral,Cashback,4a0672d8-9f7c-4db6-8901-0dd26fa2e23c,Active,ad8a799a-3c06-4fe0-918c-b2abee2ccd7f,Type1,Ottilie,Prohaska,1692063894935,Online,1700985381245,Male,949 MacGyver Cape,Allentown,North Dakota,Pakistan,Faustino.Barton29@gmail.com,437.416.8958,83077-5812,r9rg8tslgv,,1,1,,1680628251671,84617,YourOrgName,[],[],[],[],{},[],[],[],[],[],[],[],[],[],[]
1705975195736,In-Person,l6hug3z4sz,Website,Cashback,a94c87d3-b427-4134-b7da-41f40b04ffac,Active,1f20dc99-9449-41fc-9abb-113226a0b8f6,Type3,Claudia,Kerluke,1700019732638,Phone,1686928531706,Male,1614 Henri Loaf,Apopka,Missouri,Wallis and Futuna,Brisa72@hotmail.com,1-653-667-5098,86884,dcfyed1je9,1,1,1,,1703214357840,86481,YourOrgName,[],[],[],[],{},[],[],[],[],[],[],[],[],[],[]
1686013709723,In-Person,s3nn0ekf2f,Website,Cashback,2aa3833b-1254-4f4a-89b9-f91a0a398e79,Active,478e4390-7104-4d79-a790-fde27d162f90,Type3,Verner,MacGyver,1709290359251,In-Person,1680954775939,Female,3665 Kulas Plain,North Juvenal,Massachusetts,Czech Republic,Donnell31@gmail.com,681.656.9956 x030,36172,junpwrx3cy,,1,1,,1690688756701,68569,YourOrgName,[],[],[],[],{},[],[],[],[],[],[],[],[],[],[]
1702462765734,In-Person,uze2gh5wc3,Website,Discount,d54ee7e6-26a8-4f43-8e76-b363113c86c9,Active,5fe938e2-2b2c-498a-8544-79b836e72566,Type1,Aurelio,Schulist,1688479054682,In-Person,1684046380252,Male,3073 Warren Throughway,Johathanview,Virginia,Iraq,Kristian.Kirlin@hotmail.com,(624) 549-8037 x2082,11688,euux7yww31,1,1,1,,1700408090535,66594,YourOrgName,[],[],[],[],{},[],[],[],[],[],[],[],[],[],[]
1706466970331,In-Person,mxgzx6ofwy,Referral,Cashback,7d890615-943d-4694-9bb8-339b167c5fb1,Active,7fc07b38-ecf5-4790-9167-17fde74bb502,Type2,Maya,Dickinson,1711030717228,Phone,1707151077810,Female,45445 Kirlin Center,Miami Beach,Texas,Gibraltar,Kristoffer72@yahoo.com,(416) 387-5682 x585,92334-9598,n4ehujgikx,,,1,1,1697193861219,99089,YourOrgName,[],[],[],[],{},[],[],[],[],[],[],[],[],[],[]
1690818453329,Phone,9lybeuiflz,Social Media,Discount,6db057eb-c714-4068-96d0-7928b03b4696,Active,798448d4-3d34-412f-bdc5-185829ae2ebf,Type2,Kayli,Hessel,1694558145176,Online,1702423094108,Male,313 Ruby Green,Enid,New York,Germany,Hardy_Schuster@gmail.com,325.251.1566 x514,81144-3747,rt4knohk7h,1,1,,,1697173406422,195,YourOrgName,[],[],[],[],{},[],[],[],[],[],[],[],[],[],[]
1706815295337,Phone,20nhkj33nn,Social Media,Discount,a63c2e18-097f-455a-bf87-bad0219a736d,Active,be94ffec-1471-4f90-945a-b57eebcffd1d,Type1,Brielle,Torp,1710540432876,Phone,1709785579327,Female,23661 Yvonne Ferry,O'Connellbury,New York,Nigeria,Andy97@hotmail.com,900.592.4445 x50906,25085,rdty2jajvk,,,1,,1696833399492,56340,YourOrgName,[],[],[],[],{},[],[],[],[],[],[],[],[],[],[]
1709967688038,Online,hshqm5h37y,Website,Freebie,cf2f316a-3aeb-4775-b8bf-a1e47cfec010,Active,9ad586fb-a3eb-48d0-bfdc-332bad40931b,Type3,Marilou,Lueilwitz,1688512118178,Online,1693025588621,Male,4026 Hillary Overpass,East Daronburgh,Washington,Niger,Axel.Miller92@gmail.com,307-226-5678 x3409,88537-5903,p2da8ppe5t,1,1,,1,1701551392242,34700,YourOrgName,[],[],[],[],{},[],[],[],[],[],[],[],[],[],[]
1707852855390,In-Person,j7gqn5bo2s,Social Media,Discount,70720eb8-5642-41c7-aeab-4321867f6d86,Active,9b38be8d-cd0c-49b0-8ef0-e6e33c709d0c,Type2,Faye,Moore,1690362083785,Online,1704265365871,Female,6872 Reinhold Fords,North Stephan,South Dakota,Saint Barthelemy,Trever.Beahan@yahoo.com,(213) 335-5782,11951-2696,ulb50pavkv,,1,1,,1685713514127,51519,YourOrgName,[],[],[],[],{},[],[],[],[],[],[],[],[],[],[]
1681481911248,In-Person,ip19nka2gb,Website,Discount,5128dc4e-e266-4e12-892b-fb158c69605d,Active,489c784a-8d77-43b2-89ca-e0c19abd5b6a,Type2,Grover,Jacobson,1709603698759,Online,1700748769032,Female,0998 Kiara Stream,Dickiland,Nevada,Tokelau,Diamond41@yahoo.com,1-667-905-4422 x9986,69542-8774,zcmdh6dt7u,,,,1,1704908343588,46107,YourOrgName,[],[],[],[],{},[],[],[],[],[],[],[],[],[],[]
1710476550107,In-Person,wisv94c0ol,Website,Cashback,faa9dad3-709b-48bb-ad87-bf196a640cbe,Active,c6d1c7d7-673f-4a09-856d-076e71678eac,Type3,Willa,Howell,1698901344270,In-Person,1692522009682,Male,375 Witting Flats,Lake Daronburgh,South Dakota,Niger,Queen12@hotmail.com,(697) 783-5588 x810,14011-0109,f42a4dwz5v,,1,1,,1698492013439,9863,YourOrgName,[],[],[],[],{},[],[],[],[],[],[],[],[],[],[]
1681807810285,Phone,c4cc5608rs,Referral,Cashback,e7f27c96-dcbd-4e2f-a465-7b815a00eb64,Active,78192242-cce7-46cd-be5e-0d6c0e290088,Type3,Norberto,Lockman,1685576997054,In-Person,1691326598992,Female,786 Kellen Plaza,Sydnieshire,Texas,Malta,Johathan_Hills@yahoo.com,612.926.6472 x82394,79517,yu5g4meu1n,,,1,1,1703090146907,27113,YourOrgName,[],[],[],[],{},[],[],[],[],[],[],[],[],[],[]
1694328456336,In-Person,b2sn338ruw,Social Media,Discount,8f4199ec-d096-4e03-aa7e-55f2f714a41a,Active,aa5b9236-add8-4874-9613-9e588f0c59ed,Type3,Jettie,Bartell,1682439508176,In-Person,1688232366321,Male,878 Kayleigh Plaza,South Nathanial,Louisiana,Seychelles,Karelle.Schinner@yahoo.com,864-451-2399,05040-5068,rlhtebwtk8,1,,,1,1690870889250,74060,YourOrgName,[],[],[],[],{},[],[],[],[],[],[],[],[],[],[]
1703126433056,Phone,6ct8c1vpv4,Website,Cashback,73a7b44c-a29d-4de1-8d0b-6b39742dafda,Active,7ef0a596-77b4-4fbc-8634-f09f2bcf54d3,Type1,Warren,Parker,1699648135330,Online,1686191875660,Female,094 Bins Canyon,West Jensen,California,Faroe Islands,Afton.King75@gmail.com,783.398.1471 x31375,33406,cu1emxjr2s,1,1,1,,1709409953119,28879,YourOrgName,[],[],[],[],{},[],[],[],[],[],[],[],[],[],[]
1681344522316,In-Person,ziccxdd0pq,Social Media,Discount,cc4b9acc-4efd-433f-a432-bcd9b53536fd,Active,1a0d7578-7a55-44da-8626-08d53d6b86b1,Type1,Rosamond,Wehner,1705573785617,In-Person,1681557574921,Male,91366 Natalia Mountains,Port Rosalyn,Louisiana,Barbados,Sierra.Marvin24@hotmail.com,1-683-394-3133,69125,94dnw5s93x,1,,,1,1703701559853,4827,YourOrgName,[],[],[],[],{},[],[],[],[],[],[],[],[],[],[]
1681647178657,In-Person,mkbk9tyoqo,Social Media,Freebie,40493e75-ade5-4c98-8e43-64252c0626b1,Active,09a9fa40-fb6f-4a87-8b46-f40f6b5553d8,Type1,Calista,Wisozk,1695468362434,Online,1692179991183,Female,2568 Howell Circle,Peoria,New Hampshire,Netherlands,Mortimer33@yahoo.com,1-830-847-5835,28263-8273,5uaqbwrvcu,1,,1,1,1708286921858,75692,YourOrgName,[],[],[],[],{},[],[],[],[],[],[],[],[],[],[]
1699506511120,In-Person,z74dbt9tb9,Website,Cashback,505a339e-e4c2-4a28-ab8f-1ccf5ca4ca71,Active,a89b80bd-634a-4b51-ab25-8457e1e16374,Type1,Shane,Bartoletti,1687202100608,In-Person,1687185079586,Male,8003 Koelpin Valleys,Auburn,Massachusetts,Liberia,Elinore50@yahoo.com,629-771-3046,48062-0934,g6jjluzqxd,1,1,,1,1709614763550,20694,YourOrgName,[],[],[],[],{},[],[],[],[],[],[],[],[],[],[]
1707890911943,Online,kq97458cil,Social Media,Discount,4a83385f-830f-43cf-975c-8a6bd1fea789,Active,703c1286-d0ae-4c19-bb26-42744384b28e,Type1,Savion,Schuster,1687508429516,Phone,1682402095921,Female,84430 Harris Crossing,West Edward,Kentucky,Iraq,Alison47@yahoo.com,1-615-448-8567 x980,44273-8536,j7eulwxkg9,,,,1,1685054127750,89986,YourOrgName,[],[],[],[],{},[],[],[],[],[],[],[],[],[],[]
1684486886782,In-Person,06k2cdhcze,Social Media,Cashback,79144f3e-55a4-401e-a8b3-517284dd8ac4,Active,128bffec-c985-42bc-b657-0f318c826e9a,Type1,Queen,Lynch,1682006121712,Phone,1682043261732,Male,0695 Marcel Fords,Abdulland,Nevada,Sudan,Cleora.Ruecker@gmail.com,929-902-3249 x420,81726,5zbqq46ejo,1,1,1,1,1703498994070,64752,YourOrgName,[],[],[],[],{},[],[],[],[],[],[],[],[],[],[]
1711426924829,In-Person,w7ix2g0yxf,Social Media,Discount,6c87fe54-68dc-4366-90ba-52df445d9212,Active,8a29875d-abcf-4e91-bf38-fa3becc7187d,Type3,Jillian,Maggio,1690767103133,Online,1705454842647,Male,772 Giovani Underpass,Dietrichchester,Georgia,Cook Islands,Wilbert_Monahan73@yahoo.com,227.283.5786,69267-8221,y42kcaf3zg,1,,,,1688249299629,49782,YourOrgName,[],[],[],[],{},[],[],[],[],[],[],[],[],[],[]
1697638540050,Online,ngmp15dbci,Referral,Freebie,9a7eeb9a-6b5e-49b4-a393-2f273fe913f5,Active,1976df3d-f50b-45dd-a25a-6b425914df1f,Type1,Maggie,Crooks,1684741326243,Phone,1699709425257,Male,62637 Ardella Rest,Smyrna,Vermont,Djibouti,Zena_Sanford@gmail.com,1-974-706-0484 x882,41330,lb36zqr0n9,1,,1,1,1681754589126,31976,YourOrgName,[],[],[],[],{},[],[],[],[],[],[],[],[],[],[]
1695544766656,Phone,gvbx3zi92s,Website,Discount,8d56a440-88bb-4a04-847c-ae47f6ab8a89,Active,b18cb84a-a10f-4618-acd2-5728eb74e232,Type1,Hayley,Cole,1697816352263,In-Person,1681458248800,Male,574 John Walks,Lake Florencio,South Carolina,Fiji,Nora92@hotmail.com,1-243-884-0682 x9017,33473,y9n5xliuzk,,,,1,1709048731000,64840,YourOrgName,[],[],[],[],{},[],[],[],[],[],[],[],[],[],[]
1706531389157,Online,5ern0dc01q,Social Media,Cashback,0dbc8b95-fb99-495a-ad11-d5b34d23cc05,Active,8af89593-41f2-4517-b80c-42b6d3132819,Type3,Julian,Gusikowski,1691024365664,Phone,1682728042621,Male,666 Langosh Mall,Brakusland,Minnesota,Venezuela,Dawson45@gmail.com,(684) 864-9255 x8310,17139,5jevdd0ek2,,,,1,1697900146681,38756,YourOrgName,[],[],[],[],{},[],[],[],[],[],[],[],[],[],[]
1699212462394,Online,122yxczt29,Social Media,Cashback,0b6224ec-0f6c-4870-9eaf-9fe9c8acb5c0,Active,5da3e3f2-b057-474a-81e8-34533e526851,Type3,Brianne,Dach,1682367823693,Online,1694218447585,Male,40423 Okuneva Crest,Tavaresshire,Utah,India,Sophie.Wisozk@hotmail.com,693.500.4236 x8739,36335-2630,isf57ki8cq,,,,1,1704366363124,79280,YourOrgName,[],[],[],[],{},[],[],[],[],[],[],[],[],[],[]
1696928020376,Online,voubt69ees,Social Media,Cashback,03fc6caa-9314-4825-ba8a-39e859ae57d4,Active,e24e9378-4bdb-4cc8-8f8f-d27e799aa38d,Type1,Jamar,Barton,1694729262629,Phone,1694585826202,Female,13626 Nash Lock,New Flavieshire,Missouri,Comoros,Cleve67@yahoo.com,1-450-668-7654,17389-9752,h52mggfk6l,1,,1,,1710458624150,500,YourOrgName,[],[],[],[],{},[],[],[],[],[],[],[],[],[],[]
1703049667649,Online,99634ifkpn,Website,Cashback,c373df1b-e0ed-41bd-b480-4c6e185e581c,Active,aa9dd686-09df-48fd-8159-0bc58095f866,Type3,Jordi,Brakus,1704515283972,Phone,1704488592521,Male,33246 Collins Landing,Port Krystina,Ohio,Paraguay,Ramiro.Funk@gmail.com,1-456-838-4505 x17677,62219,6d3tew6bh5,1,1,,,1680947997330,22538,YourOrgName,[],[],[],[],{},[],[],[],[],[],[],[],[],[],[]
